-- phpMyAdmin SQL Dump
-- version 4.6.5.2
-- https://www.phpmyadmin.net/
--
-- Servidor: localhost:8889
-- Tiempo de generación: 07-08-2017 a las 02:46:49
-- Versión del servidor: 5.6.35
-- Versión de PHP: 7.1.1

SET SQL_MODE = "NO_AUTO_VALUE_ON_ZERO";
SET time_zone = "+00:00";

--
-- Base de datos: `inventarios_subsede`
--

-- --------------------------------------------------------

--
-- Estructura de tabla para la tabla `cellar`
--

CREATE TABLE `cellar` (
  `id_cellar` int(11) NOT NULL,
  `name_cellar` varchar(50) NOT NULL,
  `description_cellar` varchar(100) NOT NULL,
  `date_create` timestamp NOT NULL DEFAULT CURRENT_TIMESTAMP ON UPDATE CURRENT_TIMESTAMP
) ENGINE=InnoDB DEFAULT CHARSET=utf8;

--
-- Volcado de datos para la tabla `cellar`
--

INSERT INTO `cellar` (`id_cellar`, `name_cellar`, `description_cellar`, `date_create`) VALUES
(1, 'Fruver', 'Bodega Frutas y verduras', '2017-08-06 18:46:02'),
(2, 'Lacteos', 'Bodega lacteos', '2017-08-06 18:46:02'),
(3, 'Carnicos', 'Bodega carnicos', '2017-08-06 18:46:36'),
(4, 'Insumos', 'Bodega Insumos', '2017-08-06 18:46:36'),
(5, 'Equipos', 'Bodega equipos', '2017-08-06 18:47:46'),
(6, 'Herramientas', 'Bodega Herramientas', '2017-08-06 18:47:46');

-- --------------------------------------------------------

--
-- Estructura de tabla para la tabla `roles`
--

CREATE TABLE `roles` (
  `id_role` int(11) NOT NULL,
  `name_rol` varchar(20) NOT NULL,
  `description_role` varchar(50) NOT NULL,
  `level` varchar(10) NOT NULL
) ENGINE=InnoDB DEFAULT CHARSET=utf8 ROW_FORMAT=COMPACT;

--
-- Volcado de datos para la tabla `roles`
--

INSERT INTO `roles` (`id_role`, `name_rol`, `description_role`, `level`) VALUES
(1, 'Super Usuario', 'hace de todo', 'A_A-a_1'),
(2, 'Bodegero', 'Encargado de bodegas', 'B_1-b_1');

-- --------------------------------------------------------

--
-- Estructura de tabla para la tabla `user`
--

CREATE TABLE `user` (
  `id_user` int(11) NOT NULL,
  `name_user` varchar(50) NOT NULL,
  `last_name_user` varchar(50) NOT NULL,
  `cedula` varchar(50) NOT NULL,
  `pass` text NOT NULL,
  `id_cellar` int(11) NOT NULL,
  `id_role` int(11) NOT NULL
) ENGINE=InnoDB DEFAULT CHARSET=utf8;

--
-- Volcado de datos para la tabla `user`
--

INSERT INTO `user` (`id_user`, `name_user`, `last_name_user`, `cedula`, `pass`, `id_cellar`, `id_role`) VALUES
(7, 'Daniel Felipe', 'Zamora Ortiz', '123456789', '$2y$10$MbgK/SGQWmmh1uEpHtC3WeySu5VfCYSbF42hyi/IBaS5TMIgiXFGG', 1, 1),
(11, 'Yeison', 'Londoño tabares', '111', '$2y$10$5eQfVsC7qsHVTyJYyxAGoOXwXQZ6zgxoftBCf4ZMl7qDfEc20u8fO', 2, 2),
(12, 'Pedro ', 'Triviño', '8478493', '$2y$10$gkq9s1mU6FlOYVvLSakrKeAXbrB/ZQTW1OxfVVJms6Q7ethVHOvcS', 3, 2),
(13, 'Stefania ', 'casas', '33333', '$2y$10$RiKOYDslBlAPbyzH3Pw/MePTc3WQ4nkYGWpvpakX2Kv1nruoSxb.y', 4, 2),
(14, 'alejandro', 'martinez Monaguillo', '88900', '$2y$10$tJIm5YYE2LX7/qAH2aoAfOViOeywdXUgUQql5TITAUmSyIsPTzJQm', 5, 2);

--
-- Índices para tablas volcadas
--

--
-- Indices de la tabla `cellar`
--
ALTER TABLE `cellar`
  ADD PRIMARY KEY (`id_cellar`),
  ADD UNIQUE KEY `name_cellar` (`name_cellar`);

--
-- Indices de la tabla `roles`
--
ALTER TABLE `roles`
  ADD PRIMARY KEY (`id_role`),
  ADD UNIQUE KEY `name_rol` (`name_rol`),
  ADD UNIQUE KEY `level` (`level`);

--
-- Indices de la tabla `user`
--
ALTER TABLE `user`
  ADD PRIMARY KEY (`id_user`),
  ADD UNIQUE KEY `cedula` (`cedula`),
  ADD KEY `id_cellar` (`id_cellar`),
  ADD KEY `id_role` (`id_role`);

--
-- AUTO_INCREMENT de las tablas volcadas
--

--
-- AUTO_INCREMENT de la tabla `cellar`
--
ALTER TABLE `cellar`
  MODIFY `id_cellar` int(11) NOT NULL AUTO_INCREMENT, AUTO_INCREMENT=7;
--
-- AUTO_INCREMENT de la tabla `roles`
--
ALTER TABLE `roles`
  MODIFY `id_role` int(11) NOT NULL AUTO_INCREMENT, AUTO_INCREMENT=3;
--
-- AUTO_INCREMENT de la tabla `user`
--
ALTER TABLE `user`
  MODIFY `id_user` int(11) NOT NULL AUTO_INCREMENT, AUTO_INCREMENT=15;
--
-- Restricciones para tablas volcadas
--

--
-- Filtros para la tabla `user`
--
ALTER TABLE `user`
  ADD CONSTRAINT `user_ibfk_1` FOREIGN KEY (`id_cellar`) REFERENCES `cellar` (`id_cellar`),
  ADD CONSTRAINT `user_ibfk_2` FOREIGN KEY (`id_role`) REFERENCES `roles` (`id_role`);
